﻿<?xml version="1.0" encoding="UTF-8"?>
<vendorCache xmlns="http://schemas.getenvy.com/VendorCache.xsd">

	<vendor code="ENVY">
		<title>Envy</title>
		<link>http://getenvy.com</link>
		<capability name="htmlHostBrowse"/>
		<capability name="chatFlag"/>
		<capability name="extended"/>
		<capability name="g1"/>
		<capability name="g2"/>
		<capability name="ed2k"/>
		<capability name="dc"/>
		<capability name="bt"/>
	</vendor>

	<vendor code="PEER">
		<title>PeerProject</title>
		<link>http://peerproject.org</link>
		<capability name="htmlHostBrowse"/>
		<capability name="chatFlag"/>
		<capability name="extended"/>
		<capability name="g1"/>
		<capability name="g2"/>
		<capability name="ed2k"/>
		<capability name="dc"/>
		<capability name="bt"/>
	</vendor>

	<vendor code="RAZA">
		<title>Shareaza</title>
		<link>http://shareaza.sourceforge.net</link>
		<capability name="htmlHostBrowse"/>
		<capability name="chatFlag"/>
		<capability name="extended"/>
		<capability name="g1"/>
		<capability name="g2"/>
		<capability name="ed2k"/>
		<capability name="dc"/>
		<capability name="bt"/>
	</vendor>

	<vendor code="RAZB">
		<title>ShareazaBeta</title>
		<link>http://shareaza.sourceforge.net</link>
		<capability name="htmlHostBrowse"/>
		<capability name="chatFlag"/>
		<capability name="extended"/>
		<capability name="g1"/>
		<capability name="g2"/>
		<capability name="ed2k"/>
		<capability name="bt"/>
	</vendor>

	<vendor code="RAZI">
		<title>iShareaza</title>
		<link>https://github.com/ivan386/Shareaza</link>
		<capability name="htmlHostBrowse"/>
		<capability name="chatFlag"/>
		<capability name="extended"/>
		<capability name="g1"/>
		<capability name="g2"/>
		<capability name="ed2k"/>
		<capability name="dc"/>
		<capability name="bt"/>
	</vendor>

	<vendor code="RZCA">
		<title>ShareazaPlus Alpha</title>
		<link>http://sourceforge.net/projects/ShareazaPlus</link>
		<capability name="htmlHostBrowse"/>
		<capability name="chatFlag"/>
		<capability name="extended"/>
		<capability name="g1"/>
		<capability name="g2"/>
		<capability name="ed2k"/>
		<capability name="bt"/>
	</vendor>

	<vendor code="RZCB">
		<title>ShareazaPlus Beta</title>
		<link>http://sourceforge.net/projects/ShareazaPlus</link>
		<capability name="htmlHostBrowse"/>
		<capability name="chatFlag"/>
		<capability name="extended"/>
		<capability name="g1"/>
		<capability name="g2"/>
		<capability name="ed2k"/>
		<capability name="bt"/>
	</vendor>

	<vendor code="RZCC">
		<title>ShareazaPlus</title>
		<link>http://sourceforge.net/projects/ShareazaPlus</link>
		<capability name="htmlHostBrowse"/>
		<capability name="chatFlag"/>
		<capability name="extended"/>
		<capability name="g1"/>
		<capability name="g2"/>
		<capability name="ed2k"/>
		<capability name="bt"/>
	</vendor>

	<vendor code="ACQL">
		<title>Acqlite</title>
		<link>http://acqlite.sourceforge.net</link>
		<capability name="g1"/>
	</vendor>

	<vendor code="ACQX">
		<title>Acquisition</title>
		<link>http://www.acquisitionx.com</link>
		<capability name="g1"/>
	</vendor>

	<vendor code="AGIO">
		<title>Adagio</title>
		<link>http://sourceforge.net/projects/agio</link>
		<capability name="g2"/>
	</vendor>

	<vendor code="AGNT">
		<title>Agentella</title>
		<!-- <link>http://www.agentella.com</link> -->
	</vendor>

	<vendor code="ARES">
		<title>Ares</title>
		<link>http://aresgalaxy.sourceforge.net</link>
	</vendor>

	<vendor code="ATOM">
		<title>AtomWire</title>
		<!-- <link>http://www.atomwire.com</link> -->
	</vendor>

	<vendor code="BEAR">
		<title>BearShare</title>
		<!-- <link>http://www.bearshare.com</link> -->
		<capability name="htmlHostBrowse"/>
		<capability name="chatFlag"/>
		<capability name="g1"/>
	</vendor>
<!--
	<vendor code="CULT">
		<title>Cultiv8r</title>
	</vendor>
-->
	<vendor code="DC++">
		<title>DC++</title>
		<link>http://dcplusplus.sourceforge.net</link>
		<capability name="htmlHostBrowse"/>
		<capability name="chatFlag"/>
		<capability name="dc"/>
	</vendor>

	<vendor code="ED2K">
		<title>eMule</title>
		<link>http://emule-project.net</link>
		<capability name="chatFlag"/>
		<capability name="ed2k"/>
	</vendor>

	<vendor code="FSCP">
		<title>Filescope</title>
		<link>http://filescope.com</link>
		<capability name="chatFlag"/>
		<capability name="g1"/>
		<capability name="g2"/>
		<capability name="ed2k"/>
	</vendor>

	<vendor code="FOXY">
		<title>Foxy</title>
		<link>http://www.gofoxy.net</link>
		<capability name="g1"/>
		<capability name="g2"/>
	</vendor>

	<vendor code="FUST">
		<title>Fusteeno</title>
		<!-- <link>http://www.fusteeno.com</link> -->
		<capability name="g1"/>
	</vendor>

	<vendor code="GDNA">
		<title>GnucDNA</title>
		<link>http://gnucleus.org/GnucDNA</link>
		<capability name="g1"/>
		<capability name="g2"/>
	</vendor>

	<vendor code="GIFT">
		<title>giFT-Gnutella</title>
		<link>http://gift.sourceforge.net</link>
		<capability name="g1"/>
	</vendor>

	<vendor code="GNEW">
		<title>Gnewtellium</title>
		<link>http://gnewtellium.sourceforge.net</link>
		<capability name="g1"/>
	</vendor>

	<vendor code="GNOT">
		<title>Gnotella</title>
		<!-- <link>http://www.gnotella.com</link> -->
	</vendor>

	<vendor code="GNTD">
		<title>Gtk-Gnutella</title>
		<link>http://gtk-gnutella.sourceforge.net</link>
		<capability name="g1"/>
	</vendor>
<!--
	<vendor code="GNTG">
		<title>Gnutelligentsia</title>
		<link>http://gnutelligentsia.sourceforge.net</link>
	</vendor>
-->
	<vendor code="GNUC">
		<title>Gnucleus</title>
		<link>http://gnucleus.org/Gnucleus</link>
		<capability name="g1"/>
		<capability name="g2"/>
	</vendor>

	<vendor code="GNUT">
		<title>Gnut</title>
		<!-- <link>http://www.gnutelliums.com/linux_unix/gnut</link> -->
	</vendor>

	<vendor code="GNZL">
		<title>Gnoozle</title>
		<capability name="htmlHostBrowse"/>
		<capability name="chatFlag"/>
	</vendor>

	<vendor code="GTKG">
		<title>Gtk-Gnutella</title>
		<link>http://gtk-gnutella.sourceforge.net</link>
		<capability name="htmlHostBrowse"/>
		<capability name="g1"/>
	</vendor>

	<vendor code="HSLG">
		<title>Hagelslag</title>
		<link>http://www.freshports.org/net-p2p/hagelslag</link>
		<capability name="g1"/>
	</vendor>

	<vendor code="HYDR">
		<title>Hydranode</title>
		<link>http://sourceforge.net/projects/hydranode</link>
		<capability name="htmlHostBrowse"/>
		<capability name="chatFlag"/>
		<capability name="ed2k"/>
		<capability name="bt"/>
	</vendor>

	<vendor code="LIME">
		<title>LimeWire</title>
		<!-- <link>http://www.limewire.com</link> -->
		<capability name="htmlHostBrowse"/>
		<capability name="chatFlag"/>
		<capability name="g1"/>
		<capability name="bt"/>
	</vendor>

	<vendor code="WSHR">
		<title>WireShare</title>
		<link>http://sourceforge.net/p/wireshare</link>
		<capability name="htmlHostBrowse"/>
		<capability name="chatFlag"/>
		<capability name="g1"/>
		<capability name="bt"/>
	</vendor>

	<vendor code="MACT">
		<title>Mactella</title>
		<note>Discontinued</note>
	</vendor>

	<vendor code="MESH">
		<title>iMesh</title>
		<!-- <link>http://www.imesh.com</link> -->
	</vendor>

	<vendor code="MLDK">
		<title>MLdonkey</title>
		<link>http://mldonkey.sourceforge.net</link>
		<capability name="chatFlag"/>
		<capability name="ed2k"/>
		<capability name="bt"/>
		<capability name="dc"/>
	</vendor>

	<vendor code="MMMM">
		<title>Morpheus</title>
		<!-- <link>http://www.morpheus.com</link> -->
	</vendor>

	<vendor code="MRPH">
		<title>Morpheus</title>
		<!-- <link>http://www.morpheus.com</link> -->
	</vendor>

	<vendor code="MNAP">
		<title>MyNapster</title>
		<!-- <link>http://www.mynapster.com</link> -->
	</vendor>

	<vendor code="MOOD">
		<title>MoodAmp</title>
		<!-- <link>http://www.moodamp.com</link> -->
	</vendor>

	<vendor code="MUTE">
		<title>Mutella</title>
		<link>http://mutella.sourceforge.net</link>
		<capability name="g1"/>
	</vendor>

	<vendor code="MXIE">
		<title>mxie</title>
		<!-- <link>http://www.mxie.com</link> -->
		<capability name="g1"/>
	</vendor>

	<vendor code="NAPS">
		<title>NapShare</title>
		<link>http://napshare.sourceforge.net</link>
	</vendor>
<!--
	<vendor code="OCFG">
		<title>OpenCola</title>
		<link>http://www.opencola.org</link>
	</vendor>
-->
	<vendor code="OPRA">
		<title>Opera</title>
		<link>http://www.opera.com</link>
		<capability name="bt"/>
	</vendor>

	<vendor code="PHEX">
		<title>Phex</title>
		<link>http://phex.org/mambo</link>
		<capability name="g1"/>
	</vendor>

	<vendor code="QTEL">
		<title>Qtella</title>
		<link>http://qtella.sourceforge.net</link>
		<capability name="g1"/>
	</vendor>

	<vendor code="QAZA">
		<title>Quazaa</title>
		<link>http://quazaa.sourceforge.net</link>
		<capability name="htmlHostBrowse"/>
		<capability name="chatFlag"/>
		<capability name="extended"/>
		<capability name="g2"/>
		<capability name="ed2k"/>
		<capability name="bt"/>
	</vendor>

	<vendor code="QAZB">
		<title>Quazaa Beta</title>
		<link>http://quazaa.sourceforge.net</link>
		<capability name="htmlHostBrowse"/>
		<capability name="chatFlag"/>
		<capability name="extended"/>
		<capability name="g2"/>
		<capability name="ed2k"/>
		<capability name="bt"/>
	</vendor>

	<vendor code="SHLN">
		<title>Sharelin</title>
		<link>http://sharelin.sourceforge.net</link>
		<capability name="htmlHostBrowse"/>
		<capability name="g2"/>
	</vendor>

	<vendor code="SNOW">
		<title>FrostWire</title>
		<link>http://www.frostwire.com</link>
		<capability name="htmlHostBrowse"/>
		<capability name="chatFlag"/>
		<capability name="g1"/>
		<capability name="bt"/>
	</vendor>

	<vendor code="SNUT">
		<title>SwapNut</title>
		<!-- <link>http://www.swapnut.com</link> -->
	</vendor>

	<vendor code="SWAP">
		<title>Swapper.NET</title>
		<!-- <link>http://www.revolutionarystuff.com/swapper</link> -->
	</vendor>

	<vendor code="SWFT">
		<title>SwiftPeer</title>
		<!-- <link>http://www.swiftsoftwaregroup.com</link> -->
	</vendor>

	<vendor code="TOAD">
		<title>ToadNode</title>
		<!-- <link>http://www.toadnode.com</link> -->
	</vendor>

	<vendor code="XOLO">
		<title>Xolox</title>
		<!-- <link>http://www.xolox.nl</link> -->
	</vendor>

	<vendor code="XTLA">
		<title>XTella</title>
		<link>http://xtella.sourceforge.net</link>
	</vendor>
<!--
	<vendor code="ZIGA">
		<title>Ziga</title>
		<link>http://sourceforge.net/projects/ziga</link>
	</vendor>
-->
</vendorCache>